"","Factor 1","Factor 2","Factor 3","Factor 4"
"TCGA-DU-6394",2.67654252052307,-1.20291018486023,-4.26196193695068,-3.17376112937927
"TCGA-FG-8187",0.765366554260254,1.1710364818573,1.08689093589783,-2.15025806427002
"TCGA-CS-4938",1.54443454742432,-1.184929728508,2.4103639125824,3.43546676635742
"TCGA-DU-7007",1.28211987018585,-3.29251623153687,1.35250318050385,-2.4186327457428
"TCGA-HT-7481",0.497074663639069,2.59285664558411,-0.578567266464233,-2.83717703819275
"TCGA-DU-6401",1.68277835845947,-1.69680380821228,0.478929162025452,2.99954700469971
"TCGA-HT-7606",1.93666589260101,-1.97757589817047,-1.97636342048645,2.13449192047119
"TCGA-DU-8158",-3.05710911750793,-0.145517557859421,1.14470767974854,3.68884539604187
"TCGA-HT-7470",0.720282435417175,2.46322727203369,1.23452091217041,-2.24129319190979
"TCGA-DH-5140",-2.56409025192261,0.79198694229126,-1.08305060863495,2.53128051757812
"TCGA-28-5208",-3.76507091522217,-2.63315272331238,-2.27680778503418,-2.95280718803406
"TCGA-HT-7882",-3.31039237976074,-2.76321578025818,1.0991667509079,-2.16110801696777
"TCGA-HW-A5KL",1.97663199901581,-1.06244122982025,0.783881962299347,3.43146109580994
"TCGA-HT-7604",2.23327684402466,-1.60894274711609,-0.430250495672226,-2.60965824127197
"TCGA-HW-7487",0.964907348155975,3.56468677520752,-1.19788205623627,-2.91854453086853
"TCGA-FG-6690",1.73408699035645,-0.770612597465515,1.13329422473907,-2.33883881568909
"TCGA-HT-8108",1.6104291677475,-0.662148237228394,1.79571604728699,3.36357450485229
"TCGA-19-5960",-2.83012580871582,-0.0734789222478867,-2.79096508026123,-3.3406400680542
"TCGA-E1-5318",2.33074927330017,-1.88596332073212,-4.11822843551636,2.2139720916748
"TCGA-IK-8125",1.30268228054047,1.95173585414886,-1.90267944335938,-2.7586989402771
"TCGA-HT-7880",-0.185327127575874,3.90940046310425,2.0222020149231,-1.39533400535583
"TCGA-HW-A5KK",-3.11253261566162,0.255803018808365,2.23292827606201,-1.90889525413513
"TCGA-CS-6665",0.268001675605774,-1.6831146478653,2.39177322387695,3.13005542755127
"TCGA-HT-7686",0.631599485874176,-1.47517657279968,3.22670698165894,3.78695869445801
"TCGA-26-5132",-3.11798763275146,-2.64960479736328,-2.8851330280304,-3.03426551818848
"TCGA-HW-8319",1.0995272397995,1.26800894737244,1.15636491775513,3.46800112724304
"TCGA-DB-5280",1.99475252628326,-0.9970623254776,0.733311116695404,-2.06146335601807
"TCGA-E1-5322",1.75551772117615,-1.39555883407593,0.851513803005219,2.291752576828
"TCGA-HT-7857",-2.9301130771637,-1.97473633289337,2.75160312652588,3.67480278015137
"TCGA-QH-A65Z",2.33908987045288,0.910176992416382,-2.02349328994751,-2.70837163925171
"TCGA-28-5215",-3.46039581298828,-1.27326416969299,-0.453510850667953,3.20785546302795
"TCGA-HT-7477",0.838882327079773,-1.40983808040619,-1.0098911523819,-2.21054553985596
"TCGA-HT-7608",1.13915193080902,0.635860562324524,0.504046499729156,-2.37335801124573
"TCGA-P5-A5EW",1.96653807163239,-1.25689196586609,1.99754178524017,3.41691184043884
"TCGA-FG-8185",2.3343448638916,-1.75120961666107,-0.474172472953796,-2.41473269462585
"TCGA-HT-7688",1.06273448467255,3.59825539588928,-0.596529901027679,-2.45002460479736
"TCGA-76-4925",-3.32434296607971,-2.96112060546875,-4.61067533493042,-3.38821053504944
"TCGA-DB-A64W",2.18218064308167,2.45749068260193,-4.8824291229248,2.33584880828857
"TCGA-E1-5311",1.63551998138428,2.04594159126282,-2.15702843666077,-2.6568341255188
"TCGA-DU-5855",1.3343106508255,-0.849910616874695,1.22481429576874,3.11829209327698
"TCGA-06-5414",-3.23471808433533,-3.92179727554321,-2.28289604187012,-2.88851118087769
"TCGA-HT-A616",1.25668454170227,2.90470623970032,0.581477463245392,3.45754742622375
"TCGA-HT-8114",1.51766550540924,-1.14209926128387,1.92276549339294,-2.11251544952393
"TCGA-HT-7610",0.948201417922974,3.44789338111877,0.64780580997467,3.07118320465088
"TCGA-E1-5303",1.10944378376007,-1.42894053459167,2.7937695980072,-1.68845236301422
"TCGA-HT-7482",1.17728209495544,-0.989005327224731,2.88199234008789,3.59981799125671
"TCGA-CS-6186",-3.28289937973022,-1.16384696960449,-1.49740266799927,-3.03634262084961
"TCGA-DU-6402",-3.5391321182251,-2.41518568992615,-0.827828526496887,-2.56481647491455
"TCGA-P5-A5EX",0.151133880019188,-1.99433588981628,1.46198511123657,3.33754444122314
"TCGA-FG-5964",0.441416531801224,1.41854774951935,0.0643327534198761,-2.58059430122375
"TCGA-DH-A66F",2.10498046875,-0.0805955305695534,-1.8780620098114,-2.73293590545654
"TCGA-HT-7684",1.32291913032532,-1.20123887062073,1.39938008785248,-2.11790084838867
"TCGA-FG-A60J",1.59060108661652,0.00693499715998769,1.2516793012619,3.24769926071167
"TCGA-26-5134",-3.52576899528503,-0.61278760433197,-1.30133092403412,-2.84639835357666
"TCGA-QH-A65V",0.979866862297058,0.982567429542542,0.367834538221359,3.53705620765686
"TCGA-DU-8163",0.942464172840118,-0.350753009319305,2.29441475868225,-1.92808711528778
"TCGA-06-6698",-3.70658135414124,-0.93833714723587,0.821757316589355,1.52173972129822
"TCGA-06-5415",-3.2927360534668,-0.535081148147583,-2.11701369285583,-2.918212890625
"TCGA-DH-A66B",1.9258873462677,-2.95971322059631,0.277497410774231,-1.91012072563171
"TCGA-06-5410",-3.81444907188416,-1.616534948349,3.36067819595337,3.60594987869263
"TCGA-DU-7302",1.68646895885468,2.85089325904846,-2.2385458946228,2.68435263633728
"TCGA-FG-8182",1.12475109100342,-0.321657508611679,1.68333566188812,-2.04874634742737
"TCGA-HW-A5KJ",1.63508772850037,0.825745224952698,-4.15323543548584,-3.14377379417419
"TCGA-HW-7490",1.62199771404266,-0.981810927391052,0.952090501785278,-2.52082252502441
"TCGA-HW-7491",2.18877220153809,0.1970194876194,-3.51151394844055,-3.42827343940735
"TCGA-E1-5302",0.408742547035217,-0.026806652545929,2.41119933128357,-1.72765469551086
"TCGA-28-5207",-3.63737893104553,0.372412323951721,0.00877594761550426,-2.64046812057495
"TCGA-CS-6666",2.00016045570374,-2.87193512916565,-0.210985109210014,-2.67410087585449
"TCGA-06-5859",-3.05833983421326,-2.41574811935425,-0.775103628635406,-2.9888904094696
"TCGA-28-5213",-3.84010720252991,-2.95674657821655,1.19482958316803,-2.28394174575806
"TCGA-HT-7620",0.2483229637146,1.13727271556854,0.42158830165863,-2.21485280990601
"TCGA-28-5218",-3.29926109313965,-3.529869556427,0.0120377782732248,-2.6160843372345
"TCGA-DH-5141",1.33283841609955,-0.00534966308623552,-1.27643156051636,-2.48551392555237
"TCGA-HT-7875",1.83541250228882,1.61553966999054,-1.81427824497223,-2.73102045059204
"TCGA-28-5209",-3.48742079734802,-3.30230069160461,-4.71633529663086,1.78950488567352
"TCGA-CS-4943",2.48265409469604,-1.81782877445221,-0.65149450302124,-2.24692940711975
"TCGA-E1-5319",0.962098181247711,0.67547869682312,-0.964136123657227,2.98143219947815
"TCGA-DH-5143",1.3168785572052,0.951703727245331,1.94079577922821,-1.98947107791901
"TCGA-HT-7855",2.68000721931458,-1.8301522731781,-0.622585833072662,-2.36929273605347
"TCGA-76-4931",-3.71836519241333,-0.722410500049591,-2.37349963188171,2.87398624420166
"TCGA-HT-7616",1.16900038719177,-1.31932747364044,-1.74164748191833,-2.66301465034485
"TCGA-CS-5395",-3.42417740821838,1.32677340507507,0.0118490271270275,-2.26917409896851
"TCGA-HT-A61B",1.40437757968903,-2.78941988945007,1.51452028751373,-1.96608972549438
"TCGA-DU-7018",2.07040739059448,0.411699116230011,-4.87344598770142,2.20996952056885
"TCGA-DB-5273",0.926886677742004,-1.92920970916748,2.0560131072998,-1.76975786685944
"TCGA-DB-A4XG",2.51368355751038,1.33918905258179,-3.53952717781067,-3.05109667778015
"TCGA-DU-5874",2.86127758026123,0.0475875101983547,-5.09888982772827,1.93503129482269
"TCGA-HT-A614",1.09518086910248,0.251744836568832,1.53379690647125,-2.10281610488892
"TCGA-HT-7473",0.887679994106293,-1.43604826927185,3.87159585952759,-1.87139499187469
"TCGA-DU-7300",0.685543298721313,2.65614032745361,-0.801066517829895,3.01433539390564
"TCGA-DB-A4XB",1.28906667232513,0.913026452064514,1.05828487873077,-2.30096888542175
"TCGA-HT-7874",0.00394831737503409,4.64884948730469,-0.182283297181129,3.18757438659668
"TCGA-DU-6393",2.76253461837769,0.164670258760452,-4.85958003997803,-3.58891534805298
"TCGA-CS-5390",1.95765423774719,1.09408402442932,-3.16126608848572,2.35414266586304
"TCGA-CS-6188",-3.59618663787842,-0.966353952884674,-0.142652615904808,-2.64383125305176
"TCGA-DB-A4XC",0.913143754005432,0.985938727855682,2.02552962303162,-2.06088781356812
"TCGA-DU-A5TY",-3.36069941520691,-1.12962114810944,1.05528807640076,3.45273613929749
"TCGA-HT-8018",-0.196162834763527,2.70162653923035,2.12181544303894,3.57793235778809
"TCGA-HT-A4DS",-3.93750023841858,-0.164572551846504,1.10616314411163,3.36230087280273
"TCGA-HW-8322",2.0096173286438,0.195246085524559,-1.9884215593338,-2.89053583145142
"TCGA-DU-8166",1.71751523017883,0.713830053806305,1.07352840900421,3.49347066879272
"TCGA-DU-7298",1.08898973464966,0.352442562580109,-0.117065101861954,3.16297483444214
"TCGA-DU-A5TT",-3.1580593585968,0.719359040260315,0.852865993976593,-2.06622457504272
"TCGA-DB-A64V",0.546582102775574,0.155596777796745,0.733298122882843,-2.2166006565094
"TCGA-HT-7681",0.785399079322815,2.79036664962769,0.756650805473328,3.24305725097656
"TCGA-DU-8164",2.24273562431335,1.82078766822815,-2.97866415977478,-2.9564425945282
"TCGA-DU-6542",1.54249536991119,-0.392119139432907,1.30273354053497,-2.16461730003357
"TCGA-FN-7833",1.56967091560364,-2.15187239646912,3.02203154563904,-1.98236298561096
"TCGA-HT-8106",-0.378119349479675,-1.79359555244446,3.62077379226685,-1.36852693557739
"TCGA-HT-7475",1.2592511177063,2.37460947036743,-0.413155078887939,-2.81965970993042
"TCGA-DU-7008",2.57166743278503,0.726921916007996,-0.788731575012207,2.85822892189026
"TCGA-IK-7675",1.85565793514252,-2.12550973892212,-0.391059637069702,-2.76743388175964
"TCGA-HT-7677",1.94774913787842,0.148762837052345,-2.36485505104065,-2.82217717170715
"TCGA-FG-A4MX",1.86966836452484,-1.35561275482178,0.665973901748657,-2.37621641159058
"TCGA-DB-A64R",2.05490756034851,1.62913465499878,-1.64877724647522,2.71741437911987
"TCGA-DU-6403",-3.57361245155334,1.00769138336182,-0.691378176212311,2.89340209960938
"TCGA-DU-8167",1.5282689332962,-0.885792076587677,1.17023086547852,3.52521204948425
"TCGA-CS-4941",-3.43419647216797,-0.173518940806389,0.965623736381531,-2.14975357055664
"TCGA-HT-7858",1.04681122303009,-1.02255952358246,1.60588133335114,-1.95733880996704
"TCGA-DU-7306",1.70544803142548,-1.82822918891907,0.446608811616898,-2.36390066146851
"TCGA-DB-A64O",-3.30190491676331,1.99401032924652,1.99113130569458,-1.98870432376862
"TCGA-28-5216",-3.53267908096313,-1.32285511493683,-0.866746306419373,-2.75051522254944
"TCGA-HT-7605",0.587111294269562,3.20550417900085,0.276725471019745,-2.51841974258423
"TCGA-P5-A5EV",1.66815459728241,-0.898602485656738,0.262517750263214,-2.25607538223267
"TCGA-HT-A618",0.432851046323776,-0.60423070192337,2.65965485572815,3.74600458145142
"TCGA-15-1444",0.354121178388596,-1.99914288520813,1.78243434429169,-2.31266951560974
"TCGA-HT-8012",2.15034461021423,1.12952029705048,-1.56679117679596,2.9447295665741
"TCGA-FG-6689",0.935965061187744,1.69435107707977,2.75720381736755,-2.1117730140686
"TCGA-HT-7478",0.738996982574463,-0.71069723367691,2.73425817489624,-2.24393796920776
"TCGA-HT-7479",0.709285199642181,-0.339880704879761,3.1264431476593,-2.05483531951904
"TCGA-DU-7294",2.02521228790283,0.742631614208221,-2.35833215713501,2.69826197624207
"TCGA-HT-7879",1.6398321390152,-1.04547071456909,1.47561085224152,-2.02535152435303
"TCGA-DB-A64U",1.12852644920349,0.631700694561005,-0.676972687244415,3.1831214427948
"TCGA-26-5135",-3.26620197296143,-1.52740430831909,-1.13022685050964,2.89902472496033
"TCGA-DU-7019",1.21572065353394,0.0980639532208443,0.529756605625153,-2.51161432266235
"TCGA-DU-8161",-3.37676405906677,0.0435159429907799,1.37771940231323,3.72314119338989
"TCGA-DU-6408",1.1614009141922,-0.0176132116466761,1.30919933319092,3.29782199859619
"TCGA-HT-8564",-2.5634388923645,2.65652656555176,0.724151313304901,-2.32712435722351
"TCGA-06-5408",-3.97072052955627,-1.80310451984406,-1.58387112617493,2.73793625831604
"TCGA-HT-7695",1.17172825336456,3.42932105064392,-0.660936594009399,3.17424392700195
"TCGA-HW-7486",0.580962240695953,1.19803714752197,0.383027046918869,-2.77536654472351
"TCGA-DU-7299",1.70708382129669,-0.43987238407135,0.744892776012421,-2.59070348739624
"TCGA-HW-8320",2.30715990066528,-1.39949905872345,0.366589546203613,-2.03412866592407
"TCGA-HT-7469",-1.37630701065063,-2.20776796340942,-2.43173694610596,-2.8311550617218
"TCGA-06-5417",1.92529928684235,-3.74671626091003,-1.73128283023834,2.31438660621643
"TCGA-HT-7601",0.462479263544083,-0.726520419120789,2.87163352966309,3.57269525527954
"TCGA-28-5204",-3.51014518737793,-2.79140901565552,-2.77735877037048,-3.12523555755615
"TCGA-26-5136",-3.57017159461975,-1.80413496494293,-0.000772239116486162,3.29329872131348
"TCGA-HT-7603",0.482024639844894,4.06382513046265,0.745733678340912,-2.37700748443604
"TCGA-HT-7480",1.65494215488434,2.09898591041565,-1.42617845535278,-2.81474471092224
"TCGA-HT-A5R7",0.0965512692928314,3.28163290023804,1.19697535037994,3.06526374816895
"TCGA-06-5856",-3.15508008003235,-2.08873701095581,-2.61470985412598,-3.31342816352844
"TCGA-HT-8015",-2.99964070320129,4.35820055007935,2.45471858978271,-1.70174300670624
"TCGA-HW-8321",1.09843039512634,0.212398305535316,0.743448138237,-2.160400390625
"TCGA-HT-A615",0.769380390644073,0.617330491542816,0.427204579114914,3.42078304290771
"TCGA-CS-6667",1.69242310523987,-0.821626245975494,0.623996555805206,2.24633836746216
"TCGA-FG-7643",-2.83530735969543,4.37497329711914,0.700361013412476,3.32779359817505
"TCGA-HT-7856",-0.0434625782072544,4.28801345825195,-0.126386865973473,-2.49999356269836
"TCGA-FG-A60K",1.4480391740799,0.276159703731537,-0.718594133853912,3.10678291320801
"TCGA-76-4926",-3.90242576599121,0.319553196430206,0.0539138130843639,-2.62961840629578
"TCGA-HT-A619",2.66336965560913,-0.789765298366547,-6.38676118850708,-0.389288574457169
"TCGA-P5-A5EZ",0.837525248527527,-1.25889527797699,0.689350128173828,-0.744335949420929
"TCGA-32-1980",-3.35355710983276,2.15772557258606,2.4241771697998,-2.37904381752014
"TCGA-HT-7689",0.952473044395447,-0.171310320496559,1.06299090385437,3.40347242355347
"TCGA-HT-A61A",-0.597510993480682,4.85072469711304,0.951640129089355,3.57418036460876
"TCGA-HT-7680",-3.31085634231567,-0.0596521571278572,3.75087022781372,3.89613676071167
"TCGA-HT-A61C",-3.47083282470703,-0.54303240776062,-0.850026845932007,-2.52534413337708
"TCGA-DU-A5TU",1.26480650901794,-1.43229508399963,0.834764838218689,3.2409131526947
"TCGA-HT-7472",1.47537565231323,-1.06760728359222,1.48636031150818,-2.2842583656311
"TCGA-DU-6410",3.04253768920898,0.857562839984894,-5.53498029708862,-3.69951558113098
"TCGA-DU-5851",0.163043364882469,3.02517676353455,1.86971175670624,3.43761706352234
"TCGA-CS-4944",0.742452144622803,-0.123691961169243,1.33936190605164,-2.15365600585938
"TCGA-HW-7489",0.736868262290955,3.32216429710388,1.01871919631958,-2.4572319984436
"TCGA-DU-7290",-3.5898711681366,-0.852759122848511,1.95164680480957,3.75264286994934
"TCGA-DB-A4XA",0.929373323917389,0.865495920181274,-0.219831019639969,-2.62284183502197
"TCGA-HT-7860",-3.13431358337402,-0.429206758737564,-0.329851448535919,3.31557512283325
"TCGA-CS-5396",1.41889083385468,-0.624920845031738,-2.72245931625366,2.45152592658997
"TCGA-P5-A5F2",1.00395786762238,1.84330725669861,0.999245762825012,3.28887367248535
"TCGA-HT-7694",0.373328119516373,4.34765911102295,-0.965655267238617,-2.63030695915222
"TCGA-DU-6395",1.5821545124054,-0.847851693630219,1.82777309417725,-2.41792798042297
"TCGA-FG-7641",1.3630656003952,3.28504776954651,-1.52570283412933,-2.67068791389465
"TCGA-HT-8111",0.739469289779663,-0.141161978244781,2.32782602310181,-1.67001831531525
"TCGA-DU-8168",2.79111552238464,1.17087769508362,-4.96401166915894,2.23429036140442
"TCGA-HT-7607",-0.31670218706131,4.0784273147583,0.118205450475216,3.19005608558655
"TCGA-28-5220",-3.80329465866089,-2.1388828754425,-0.48506635427475,-2.65351295471191
"TCGA-HT-8013",1.33877813816071,-1.88448691368103,2.55227994918823,3.52193975448608
"TCGA-P5-A5F0",1.16704618930817,3.37570428848267,-2.03571081161499,-2.4913387298584
"TCGA-12-5295",-3.12687373161316,-4.11735391616821,-2.18966746330261,3.14715433120728
"TCGA-FG-A4MU",-3.46039772033691,-2.64023017883301,-1.65147280693054,-2.4327974319458
"TCGA-DB-5276",-0.0101595818996429,1.63611221313477,3.07008171081543,-1.68047547340393
"TCGA-DB-A64P",1.89612352848053,-0.241913616657257,-1.53258717060089,-2.55306172370911
"TCGA-DU-7292",-2.84246134757996,3.43603014945984,-1.64327239990234,-3.00587677955627
"TCGA-HT-7676",1.55258882045746,-1.42839217185974,2.45427536964417,-1.59223592281342
"TCGA-DB-5277",1.50911748409271,0.00799527298659086,-0.230124652385712,-2.13986730575562
"TCGA-CS-6668",2.78411793708801,0.570220708847046,-4.09122562408447,2.28700995445251
"TCGA-32-5222",-3.38589358329773,-2.97250699996948,-1.93126773834229,-2.79776287078857
"TCGA-FG-8188",1.66173923015594,-1.37389242649078,0.977237641811371,-2.11424016952515
"TCGA-DU-6405",-3.00007677078247,-1.62408876419067,-1.99368894100189,2.59481692314148
"TCGA-DH-5144",2.53239631652832,-0.174420908093452,-3.01310086250305,2.39483332633972
"TCGA-HT-7467",-0.0273105669766665,3.33665418624878,-0.0456535592675209,-2.73890709877014
"TCGA-HT-7474",0.52444976568222,3.29585361480713,1.47203326225281,-2.33108043670654
"TCGA-06-5412",-3.58275127410889,-2.19650793075562,1.06108522415161,3.26045680046082
"TCGA-DU-7006",-3.19943761825562,-2.22234106063843,0.288522273302078,3.40270686149597
"TCGA-06-5858",-3.91223406791687,-1.91401898860931,0.807330310344696,1.56901752948761
"TCGA-DB-A64Q",1.1582156419754,0.349862813949585,-1.9481805562973,3.0312602519989
"TCGA-06-5418",-3.55242156982422,-2.93473863601685,-1.06224858760834,1.64859235286713
"TCGA-26-5139",-3.83931660652161,-1.36608254909515,-1.05502986907959,3.28706169128418
"TCGA-FG-8189",-1.27002251148224,6.34218883514404,0.29499763250351,2.84622716903687
"TCGA-HT-8113",-0.202169880270958,5.22954368591309,-0.117500938475132,3.31403779983521
"TCGA-HT-7902",-0.424823999404907,1.54640221595764,2.30842661857605,3.69197797775269
"TCGA-HT-7485",1.37689089775085,-0.169620186090469,2.62229537963867,-2.08006501197815
"TCGA-HT-7690",1.33895349502563,-0.323222547769547,1.98631691932678,-2.04819083213806
"TCGA-DU-7013",-3.25210165977478,-0.54293292760849,-1.75058722496033,-3.07393622398376
"TCGA-DB-A4XD",2.17166948318481,-1.17814910411835,0.230153784155846,-2.4576244354248
"TCGA-HT-8110",-3.73154783248901,-0.197024062275887,2.28742575645447,-2.14994430541992
"TCGA-DU-A5TR",0.781967520713806,-1.76398062705994,3.11437821388245,-1.56778788566589
"TCGA-DB-5274",1.43973338603973,-0.653242647647858,-2.06574606895447,2.66587948799133
"TCGA-DU-6396",0.865422129631042,-3.08869862556458,2.00530529022217,2.89620780944824
"TCGA-26-1442",0.909551680088043,-0.263441383838654,1.22845864295959,-2.44226408004761
"TCGA-HT-7476",0.962567746639252,1.92392337322235,0.417340695858002,-2.51409769058228
"TCGA-CS-6290",0.464966028928757,-1.16079092025757,3.8170280456543,-1.69840931892395
"TCGA-FG-5962",1.25794589519501,2.9374520778656,-1.34597957134247,-2.71809792518616
"TCGA-DU-5854",-3.26332116127014,-0.480601698160172,0.758730590343475,3.23112893104553
"TCGA-HT-7471",2.2594301700592,-0.564536333084106,-1.47281420230865,2.7432017326355
"TCGA-FG-6688",-3.21847009658813,0.191669508814812,1.92277014255524,3.69976258277893
"TCGA-HT-A5R5",0.226462438702583,0.905297160148621,3.11426424980164,3.72125053405762
"TCGA-DU-8162",-2.69374108314514,4.62777853012085,0.48723766207695,3.50997757911682
"TCGA-HT-A5RB",1.57815682888031,1.7834757566452,0.287606179714203,-2.15824389457703
"TCGA-DU-A5TS",1.12524521350861,-0.271935403347015,0.972805619239807,-1.85926747322083
"TCGA-DB-A4X9",1.64258193969727,0.438514560461044,1.51419031620026,3.28306150436401
"TCGA-HT-7609",1.73358380794525,-1.17053389549255,1.38100445270538,-2.23684120178223
"TCGA-DU-5853",1.22059369087219,-0.168557405471802,1.97874736785889,-1.36564135551453
"TCGA-28-2510",-3.29673719406128,3.2836492061615,1.22861242294312,3.42370557785034
"TCGA-HT-7687",1.66312348842621,1.31035268306732,-2.55709910392761,-2.79375028610229
"TCGA-06-5413",-3.67546916007996,-2.37774848937988,-1.32221126556396,-2.93072056770325
"TCGA-DU-A5TP",0.927114248275757,-1.92554581165314,1.81054413318634,-1.78938591480255
"TCGA-DU-7010",0.956089317798615,-0.903274774551392,-0.30679327249527,2.82314229011536
"TCGA-DB-A4XE",1.34190571308136,0.889099299907684,0.927827775478363,3.55713224411011
"TCGA-DB-5275",2.06579875946045,-0.360744297504425,0.140857547521591,-2.20001173019409
"TCGA-HT-7611",2.02179598808289,-1.7751978635788,1.7840416431427,-2.07624459266663
"TCGA-HT-7691",-2.90645051002502,-0.399531155824661,2.29958844184875,3.73449420928955
"TCGA-DB-A4XF",2.02883458137512,0.258848518133163,0.197849243879318,3.41608262062073
"TCGA-E1-5305",1.59938049316406,0.456955909729004,0.0503467880189419,-2.55680465698242
"TCGA-HT-8010",0.181513294577599,3.14056491851807,1.19283497333527,3.43795776367188
"TCGA-EZ-7264",2.5013599395752,0.648129105567932,-3.37592363357544,2.61613965034485
"TCGA-41-5651",-2.9140772819519,0.205317035317421,-3.52298927307129,2.80135941505432
"TCGA-DB-A64X",2.16658496856689,-0.23226110637188,-0.4177166223526,3.06343531608582
"TCGA-FG-6692",-3.83485078811646,-2.82073378562927,-2.68372893333435,-3.20039653778076
"TCGA-HT-A5RA",-3.65227818489075,-2.21031355857849,-1.8185840845108,2.65491628646851
"TCGA-DB-A64S",1.22538185119629,-1.71222543716431,2.32884097099304,-1.89718520641327
"TCGA-FG-7634",0.952514588832855,-0.837449610233307,0.131605133414268,-2.61027002334595
"TCGA-FG-A4MW",-3.03288531303406,0.574208319187164,-1.83241295814514,-2.8426206111908
"TCGA-DU-7012",-3.47605133056641,-0.450005084276199,2.43490362167358,3.86052083969116
"TCGA-HT-8011",-2.22402215003967,-0.333649396896362,-1.40522336959839,-2.62991833686829
"TCGA-FG-7637",1.87829065322876,-0.46163147687912,-2.55393266677856,-3.08008289337158
"TCGA-P5-A5EU",0.418108940124512,-3.27552008628845,0.311166703701019,-2.35878396034241
"TCGA-E1-5304",2.17129993438721,-2.6991856098175,-3.16272711753845,-2.96800947189331
"TCGA-DU-7015",1.60590577125549,-1.5149587392807,1.67946231365204,1.92259013652802
"TCGA-HT-A5RC",-2.79305076599121,-1.96631336212158,-1.31253886222839,2.88923263549805
"TCGA-HT-8558",-2.53938841819763,6.30385875701904,1.43444514274597,3.37925291061401
"TCGA-DU-5849",0.729921281337738,2.62061190605164,-1.00646209716797,-2.79256749153137
"TCGA-HT-A617",-2.95019435882568,0.510284006595612,0.795897364616394,-2.00655627250671
"TCGA-HT-8563",0.141803503036499,-3.27659702301025,3.24626874923706,3.80983781814575
"TCGA-CS-4942",0.918284058570862,-0.478506147861481,2.56636118888855,3.30717635154724
"TCGA-HW-A5KM",1.53744971752167,-3.38403296470642,2.93896746635437,-1.71181130409241
"TCGA-76-4927",-3.58040189743042,-2.04572606086731,-0.937999784946442,-2.58690714836121
"TCGA-DU-5871",1.54716265201569,-0.419444710016251,1.412801861763,3.19813919067383
"TCGA-06-1804",-3.86899280548096,-0.123232029378414,-0.887566566467285,2.95248413085938
"TCGA-CS-5393",1.15279412269592,0.617342174053192,1.65203809738159,-1.9292368888855
"TCGA-HW-7495",0.942616879940033,3.03195714950562,-0.0876370221376419,3.23005509376526
"TCGA-FG-8191",1.01213443279266,-0.456251502037048,2.39440369606018,-1.8661527633667
"TCGA-DU-6400",2.31045889854431,1.29231441020966,-3.57656383514404,2.31969237327576
"TCGA-FG-7636",1.71725070476532,0.0939906910061836,0.617424249649048,-2.3340208530426
"TCGA-DB-A64L",1.18022418022156,2.26847457885742,-1.65538167953491,3.15690565109253
"TCGA-FG-7638",1.3411431312561,1.90439033508301,-0.725686430931091,2.96438908576965
"TCGA-HT-7693",2.4923734664917,-2.36906266212463,0.118654452264309,3.15263342857361
"TCGA-DB-5281",1.93449354171753,0.928277790546417,-0.143545135855675,-2.09123992919922
"TCGA-FG-6691",0.822086036205292,-1.67353987693787,2.84861493110657,3.11111688613892
"TCGA-DU-7009",1.5494669675827,2.07511258125305,-1.55149805545807,2.86641144752502
"TCGA-DU-5847",-3.51053214073181,-0.979222118854523,0.407272905111313,3.16613411903381
"TCGA-DU-A5TW",1.88030016422272,-1.88594353199005,-0.0251579079777002,2.75077724456787
"TCGA-HT-A4DV",-0.0297672282904387,2.60879945755005,0.696818351745605,3.27135181427002
"TCGA-HT-7854",-2.92262148857117,1.27248001098633,3.11922216415405,-1.84856271743774
"TCGA-HT-8109",0.958739757537842,2.95295929908752,-0.311134725809097,-2.61269116401672
"TCGA-HT-8105",1.77698993682861,1.54555869102478,-2.80557942390442,-2.78516578674316
"TCGA-P5-A5ET",1.64874064922333,1.70046055316925,-0.732911884784698,-2.50969290733337
"TCGA-76-4928",-3.69281983375549,-2.68650913238525,-1.02828943729401,3.2303786277771
"TCGA-CS-5397",-3.50256896018982,2.11614394187927,1.02691948413849,3.47716474533081
"TCGA-DB-5279",1.79073262214661,1.32228589057922,-1.42113876342773,-2.64977836608887
"TCGA-HT-7877",0.674066364765167,2.70400071144104,-0.482642859220505,3.13276481628418
"TCGA-HT-7692",1.83769834041595,-0.0640034824609756,-1.17515516281128,-2.71465468406677
"TCGA-12-5299",-3.51582717895508,-2.35261058807373,-1.44790303707123,3.46901655197144
"TCGA-DB-A4XH",1.86815130710602,1.76169681549072,-2.2980797290802,3.01813864707947
"TCGA-HT-8104",-3.33050155639648,0.216657057404518,-1.32213354110718,2.64234685897827
"TCGA-CS-5394",2.70004844665527,-0.315521419048309,-4.5848388671875,-3.21515202522278
"TCGA-HT-7873",1.39098501205444,-1.16572880744934,1.55976581573486,-2.02782034873962
"TCGA-HT-7602",0.276859641075134,0.37885582447052,2.93186163902283,-2.01823616027832
"TCGA-HT-7881",0.0439616516232491,4.17126607894897,0.300168424844742,-2.49055218696594
"TCGA-76-4932",-3.36385297775269,-3.28144574165344,-2.76275634765625,2.75343728065491
"TCGA-FG-8186",1.24026334285736,0.48330482840538,0.433357715606689,3.42671680450439
"TCGA-DH-5142",1.38270699977875,-2.7689151763916,1.80937314033508,-1.74555015563965
"TCGA-06-5411",-3.2853102684021,2.05208849906921,0.423163205385208,-2.74784517288208
"TCGA-76-4929",-3.24812078475952,-1.36082398891449,-1.10695731639862,3.58188247680664
"TCGA-HT-7884",1.62103807926178,0.812875151634216,0.679485321044922,3.17184710502625
"TCGA-DU-8165",-3.50642871856689,-1.28014695644379,0.555147171020508,3.01547908782959
"TCGA-QH-A65S",0.891719579696655,-0.769893765449524,2.26426291465759,3.46367621421814
"TCGA-DU-6399",1.78181898593903,-1.50754177570343,0.383415699005127,-2.47732210159302
"TCGA-HT-A5R9",1.57159328460693,0.388971239328384,-3.83917260169983,2.07224774360657
"TCGA-14-0781",-3.7218804359436,-2.39250230789185,0.97284597158432,-2.36628794670105
"TCGA-E1-5307",1.88765060901642,0.871153593063354,0.255137979984283,1.91862142086029
"TCGA-HT-7468",2.16228818893433,-0.457425802946091,-2.08404588699341,-3.07059955596924
"TCGA-FG-A4MY",1.06604468822479,-0.799137830734253,0.655828297138214,2.62018036842346
"TCGA-26-5133",0.505900084972382,-3.44093298912048,-3.38697862625122,-3.2130925655365
"TCGA-P5-A5F4",1.00032770633698,2.90324354171753,0.176880940794945,2.95298719406128
"TCGA-DU-5852",-3.74605941772461,0.0857784226536751,-0.607010006904602,2.91478419303894
"TCGA-DU-7309",1.07020843029022,2.73257350921631,0.588690280914307,3.05751705169678
"TCGA-P5-A5F1",1.33882164955139,-1.48249292373657,2.12501120567322,-1.73103654384613
"TCGA-DU-7301",2.03634023666382,-2.22181677818298,0.556794226169586,-2.33517861366272
